<?xml version="1.0" encoding="UTF-8"?>
<ivy-module version="2.0" xmlns:m="http://ant.apache.org/ivy/maven">
	<info organisation="org.powermock"
		module="powermock-module-junit4"
		revision="1.5"
		status="release"
		publication="20121204153311"
	>
		<description homepage="http://www.powermock.org">
		PowerMock support module for JUnit 4.x.
		</description>
		<m:dependency.management__org.easymock__easymock__scope>provided</m:dependency.management__org.easymock__easymock__scope>
		<m:dependency.management__org.mockito__mockito-all__version>1.9.5</m:dependency.management__org.mockito__mockito-all__version>
		<m:properties__project.build.sourceEncoding>UTF-8</m:properties__project.build.sourceEncoding>
		<m:properties__sonatypeOssDistMgmtSnapshotsUrl>https://oss.sonatype.org/content/repositories/snapshots/</m:properties__sonatypeOssDistMgmtSnapshotsUrl>
		<m:dependency.management__org.easymock__easymock__version>3.1</m:dependency.management__org.easymock__easymock__version>
		<m:dependency.management__org.objenesis__objenesis__version>1.2</m:dependency.management__org.objenesis__objenesis__version>
		<m:maven.plugins>org.apache.maven.plugins__maven-enforcer-plugin__1.0-beta-1|org.apache.maven.plugins__maven-enforcer-plugin__1.0-beta-1|org.apache.maven.plugins__maven-compiler-plugin__null|org.apache.maven.plugins__maven-source-plugin__null|org.apache.maven.plugins__maven-site-plugin__2.1.1|org.apache.maven.plugins__maven-javadoc-plugin__2.7|org.codehaus.mojo__rat-maven-plugin__null|org.apache.maven.plugins__maven-enforcer-plugin__1.0-beta-1|org.apache.maven.plugins__maven-enforcer-plugin__1.0-beta-1|org.apache.maven.plugins__maven-compiler-plugin__null|org.apache.maven.plugins__maven-source-plugin__null|org.apache.maven.plugins__maven-site-plugin__2.1.1|org.apache.maven.plugins__maven-javadoc-plugin__2.7|org.codehaus.mojo__rat-maven-plugin__null|org.apache.maven.plugins__maven-enforcer-plugin__1.0-beta-1|org.apache.maven.plugins__maven-enforcer-plugin__1.0-beta-1|org.apache.maven.plugins__maven-compiler-plugin__null|org.apache.maven.plugins__maven-source-plugin__null|org.apache.maven.plugins__maven-site-plugin__2.1.1|org.apache.maven.plugins__maven-javadoc-plugin__2.7|org.codehaus.mojo__rat-maven-plugin__null|org.apache.maven.plugins__maven-enforcer-plugin__1.0-beta-1|org.apache.maven.plugins__maven-enforcer-plugin__1.0-beta-1|org.apache.maven.plugins__maven-compiler-plugin__null|org.apache.maven.plugins__maven-source-plugin__null|org.apache.maven.plugins__maven-site-plugin__2.1.1|org.apache.maven.plugins__maven-javadoc-plugin__2.7|org.codehaus.mojo__rat-maven-plugin__null|org.apache.maven.plugins__maven-surefire-plugin__null</m:maven.plugins>
	</info>
	<configurations>
		<conf name="default" visibility="public" description="runtime dependencies and master artifact can be used with this conf" extends="runtime,master"/>
		<conf name="master" visibility="public" description="contains only the artifact published by this module itself, with no transitive dependencies"/>
		<conf name="compile" visibility="public" description="this is the default scope, used if none is specified. Compile dependencies are available in all classpaths."/>
		<conf name="provided" visibility="public" description="this is much like compile, but indicates you expect the JDK or a container to provide it. It is only available on the compilation classpath, and is not transitive."/>
		<conf name="runtime" visibility="public" description="this scope indicates that the dependency is not required for compilation, but is for execution. It is in the runtime and test classpaths, but not the compile classpath." extends="compile"/>
		<conf name="test" visibility="private" description="this scope indicates that the dependency is not required for normal use of the application, and is only available for the test compilation and execution phases." extends="runtime"/>
		<conf name="system" visibility="public" description="this scope is similar to provided except that you have to provide the JAR which contains it explicitly. The artifact is always available and is not looked up in a repository."/>
		<conf name="sources" visibility="public" description="this configuration contains the source artifact of this module, if any."/>
		<conf name="javadoc" visibility="public" description="this configuration contains the javadoc artifact of this module, if any."/>
		<conf name="optional" visibility="public" description="contains all optional dependencies"/>
	</configurations>
	<publications>
		<artifact name="powermock-module-junit4" type="jar" ext="jar" conf="master"/>
		<artifact name="powermock-module-junit4" type="source" ext="jar" conf="sources" m:classifier="sources"/>
		<artifact name="powermock-module-junit4" type="javadoc" ext="jar" conf="javadoc" m:classifier="javadoc"/>
	</publications>
	<dependencies>
		<dependency org="junit" name="junit" rev="4.9" force="true" conf="compile->compile(*),master(*);runtime->runtime(*)"/>
		<dependency org="org.powermock" name="powermock-module-junit4-common" rev="1.5" force="true" conf="compile->compile(*),master(*);runtime->runtime(*)"/>
		<override org="org.objenesis" module="objenesis" matcher="exact" rev="1.2"/>
		<override org="org.easymock" module="easymock" matcher="exact" rev="3.1"/>
		<override org="org.mockito" module="mockito-all" matcher="exact" rev="1.9.5"/>
	</dependencies>
</ivy-module>
