<?xml version="1.0" encoding="UTF-8"?>
<ivy-module version="2.0" xmlns:m="http://ant.apache.org/ivy/maven">
	<info organisation="org.eclipse.jdt.core.compiler"
		module="ecj"
		revision="3.7.2"
		status="release"
		publication="20120421215539"
	>
		<license name="Eclipse Public License v1.0" url="http://www.eclipse.org/org/documents/epl-v10.php" />
		<description homepage="http://www.eclipse.org/jdt/">
		Eclipse JDT Core Batch Compiler
		</description>
		<m:properties__project.build.sourceEncoding>UTF-8</m:properties__project.build.sourceEncoding>
		<m:properties__project.reporting.outputEncoding>UTF-8</m:properties__project.reporting.outputEncoding>
	</info>
	<configurations>
		<conf name="default" visibility="public" description="runtime dependencies and master artifact can be used with this conf" extends="runtime,master"/>
		<conf name="master" visibility="public" description="contains only the artifact published by this module itself, with no transitive dependencies"/>
		<conf name="compile" visibility="public" description="this is the default scope, used if none is specified. Compile dependencies are available in all classpaths."/>
		<conf name="provided" visibility="public" description="this is much like compile, but indicates you expect the JDK or a container to provide it. It is only available on the compilation classpath, and is not transitive."/>
		<conf name="runtime" visibility="public" description="this scope indicates that the dependency is not required for compilation, but is for execution. It is in the runtime and test classpaths, but not the compile classpath." extends="compile"/>
		<conf name="test" visibility="private" description="this scope indicates that the dependency is not required for normal use of the application, and is only available for the test compilation and execution phases." extends="runtime"/>
		<conf name="system" visibility="public" description="this scope is similar to provided except that you have to provide the JAR which contains it explicitly. The artifact is always available and is not looked up in a repository."/>
		<conf name="sources" visibility="public" description="this configuration contains the source artifact of this module, if any."/>
		<conf name="javadoc" visibility="public" description="this configuration contains the javadoc artifact of this module, if any."/>
		<conf name="optional" visibility="public" description="contains all optional dependencies"/>
	</configurations>
	<publications>
		<artifact name="ecj" type="jar" ext="jar" conf="master"/>
		<artifact name="ecj" type="source" ext="jar" conf="sources" m:classifier="sources"/>
		<artifact name="ecj" type="javadoc" ext="jar" conf="javadoc" m:classifier="javadoc"/>
	</publications>
</ivy-module>
